名稱,分類,排定,說明,連結,地址,緯度,經度
Eastin Grand Hotel Phayathai,住宿交通,全程,飯店。BTS 與機場快線 Phaya Thai 站同棟,https://www.eastingrandphayathai.com/,"Eastin Grand Hotel Phayathai, Bangkok",13.7567869,100.5323786
蘇汪那蓬機場 BKK,住宿交通,"9/24, 9/28",機場快線到 Phaya Thai 26-30 分,,Suvarnabhumi Airport,13.6818767,100.7485803
Rajadamnern 泰拳館,住宿交通,9/26,週六 RWS 19:00-22:00，已訂票,https://rajadamnern.com/,"Rajadamnern Stadium, Bangkok",13.7610018,100.5087556
Taling Chan 水上市場碼頭,住宿交通,9/26,週六 13:30 長尾船班次,,Taling Chan Floating Market,13.7764049,100.4565735
ICONSIAM 碼頭（夜船）,住宿交通,9/25,Chao Phraya Princess check-in 18:30,https://www.chaophrayaprincess.com/reservations.php,"ICONSIAM Pier, Bangkok",13.7268227,100.510294
大皇宮 Grand Palace,景點,9/26,08:30-15:30 停售，500 銖，長褲包肩,https://www.royalgrandpalace.th/en/home,"The Grand Palace, Bangkok",13.7493514,100.4918643
臥佛寺 Wat Pho,景點,9/26,08:00-18:30，46 公尺臥佛,https://www.watpho.com/en/home,"Wat Pho, Bangkok",13.7463456,100.4927381
鄭王廟 Wat Arun,景點,9/26,從 Chom Arun 隔河看日落與打燈,,"Wat Arun, Bangkok",13.7438976,100.4885137
水門寺 Wat Paknam,景點,9/26,08:00-18:00，五樓穹頂下午最美,,"Wat Paknam Phasi Charoen, Bangkok",13.7216719,100.4704273
空邦龍藝術家之家 Baan Silapin,景點,9/26,週六 14:00 人偶劇,,Baan Silapin Artist House Khlong Bang Luang,,
Wat Kamphaeng Bang Chak,景點,9/26,長尾船行程停靠的古廟,,"Wat Kamphaeng Bang Chak, Bangkok",13.7303499,100.4633018
Safari World,景點,9/25,小猩猩的一天。09:00-17:00，週一休,https://www.safariworld.com/,"Safari World, Khlong Sam Wa, Bangkok",13.8650168,100.7030597
Harajuku Thailand,景點,9/25 選項,日式村落，免門票，週五 10:00-22:00,,"Harajuku Thailand, Nong Chok",13.8085551,100.9228937
Hong Sieng Kong 宏成功,景點,9/27,兩百年中式老宅，河邊早午餐,,"Hong Sieng Kong, Talat Noi, Bangkok",13.7347508,100.5115584
Mother Roaster 阿嬤咖啡,咖啡廳,9/27,七十歲阿嬤親手烘沖，10:00-18:00 休一二,https://www.phuket101.net/bangkok/mother-roaster-talat-noi/,"Mother Roaster, 1172 Soi Charoen Krung 22, Talat Noi, Bangkok",,
Song Wat 宋旺路,景點,9/27,Time Out 全球 40 酷街區，咖啡巡禮,,"Song Wat Road, Bangkok",13.7388961,100.5060421
Warehouse 30,景點,9/27 選項,二戰倉庫改選物與藝廊,,"Warehouse 30, Charoen Krung, Bangkok",13.7280919,100.5147912
Chao Phraya Sky Park,景點,選項,全球第一座跨河公園，到 20:00,,"Chao Phraya Sky Park, Bangkok",13.7389727,100.4984969
Ari 街區,景點,9/28,最後一個早上，咖啡與選物,,"Ari BTS Station, Bangkok",13.7802077,100.5446888
The Hamlet Ari,景點,9/28,花園型藝文空間,,"The Hamlet, Soi Ari 3, Bangkok",13.7804686,100.5417446
ChangChui 飛機創意園區,景點,未排,退役客機餐廳，每天 11:00-23:00,,"ChangChui Creative Park, Bangkok",,
MOCA 當代藝術館,景點,未排,週二-日 10:00-18:00，180 銖,,MOCA Bangkok Museum of Contemporary Art,13.8519153,100.5625859
Siriraj Medical Museum,景點,未排,死亡博物館，週三-一 10:00-17:00,,"Siriraj Medical Museum, Bangkok",13.7587143,100.4854995
Siam Amazing Park,景點,未排,金氏紀錄最大人造海浪池,,"Siam Amazing Park, Bangkok",13.8067611,100.695068
Khao San Road 考山路,景點,9/26 選項,背包客夜生活街,,"Khao San Road, Bangkok",13.7589052,100.4972746
Soi Rambuttri,景點,9/26 選項,考山路旁安靜的按摩與樹蔭街,,"Soi Rambuttri, Bangkok",13.761512,100.4943068
Chatuchak 週末市集,景點,未排（週末才開）,9/26 六可去，古著在 Section 5-6,,Chatuchak Weekend Market,13.8002651,100.5511228
Bungsamran 釣魚場,景點,未排,"巨鯰釣場，外國人 2,000 銖/12 小時",,"Bungsamran Fishing Park, Nawamin 42, Bangkok",,
Phed Mark 打拋豬,餐廳小吃,9/24,Mark Wiens 的店，10:00-19:00,https://danielfooddiary.com/2025/02/17/phedmark/,"Phed Mark, 300 Sukhumvit Rd, Bangkok",13.7203029,100.5838605
Mae Varee 芒果糯米飯,餐廳小吃,9/24,06:00-22:00,https://www.instagram.com/maevareeofficial/,"Mae Varee Mango Sticky Rice, Thonglor",,
Rung Rueang 豬肉麵,餐廳小吃,9/24,米其林必比登，08:00-17:00,,"Rung Rueang Pork Noodle, Sukhumvit 26",13.7283099,100.5704644
KanonSiam 斑斕糕（CentralWorld）,餐廳小吃,9/24,小猩猩指定甜點,,"CentralWorld, Bangkok",13.7465769,100.5390414
Banthat Thong 朱拉夜市,餐廳小吃,9/24,18:00 後全開,,"Thanon Banthat Thong, Bangkok",13.7374014,100.5219028
Som Som Seafood,餐廳小吃,9/24,海鮮熱炒，要排隊,,"Som Som Seafood, Banthat Thong, Bangkok",,
June Pang 鮮奶吐司,餐廳小吃,9/24,週四 16:00-00:00,,"June Pang Bread and Fresh Milk, Banthat Thong",,
Pungdet 炭烤吐司,餐廳小吃,9/24,外酥內軟,,"Pungdet Banthat Thong, Bangkok",,
邢泰記 Kope Hya Tai Kee,餐廳小吃,9/26,1952 年泰華咖啡店，07:00-20:00,,"Kope Hya Tai Kee, 37 Siri Phong Rd, Bangkok",13.7268555,100.5459578
Mae Klong Hua Pla Mo Fai,餐廳小吃,9/26,米其林餐盤，蟹肉烘蛋、牛奶蒸蟹,https://guide.michelin.com/en/bangkok-region/bangkok/restaurant/mae-khlong-hua-pla-mo-fai-1195212,"Mae Klong Hua Pla Mo Fai, Taling Chan, Bangkok",,
Chom Arun,餐廳小吃,9/26,正對鄭王廟，11:00-21:30，必訂位,,"Chom Arun Restaurant, Bangkok",13.7440368,100.4918309
theCOMMONS Thonglor,餐廳小吃,9/25 選項,08:00-01:00 美食庭院,https://www.thecommonsbkk.com/thonglor/find-us,"theCOMMONS Thonglor, Bangkok",13.7349518,100.5821642
Nobu Bangkok,餐廳小吃,9/27 排定 19:30,已查有位，服裝規定嚴,https://noburestaurants.com/bangkok/reservations,"Nobu Bangkok, The Empire, Sathorn",13.7204607,100.5302518
SookSiam（ICONSIAM 地面層）,餐廳小吃,9/27,室內浮動市場 170 攤,https://www.iconsiam.com/en,"ICONSIAM, Bangkok",13.7268227,100.510294
Urai 滷鵝,餐廳小吃,9/27,六十年家族配方,,"Urai Goose, Song Wat Road, Bangkok",13.7381643,100.5075246
水門雞飯 Go-Ang Pratunam,餐廳小吃,9/28 選項,米其林必比登，粉紅制服,,Go-Ang Pratunam Chicken Rice,13.7496404,100.5420858
耀華力路 Yaowarat 宵夜,餐廳小吃,9/26 選項,烤生蠔、Jek Pui 咖哩飯,,"Yaowarat Road, Bangkok",13.7444035,100.5038701
Factory Coffee,咖啡廳,"9/25, 9/26",飯店旁，08:00-16:00,https://factorybkk.com/,"Factory Coffee, 49 Phaya Thai Rd, Bangkok",13.7594502,100.5354732
Nana Coffee Roasters Ari,咖啡廳,9/28,老宅大庭園，有工作大桌,,"Nana Coffee Roasters Ari, Bangkok",13.782685,100.5419711
Poet House Ari,咖啡廳,9/28,玻璃屋，Ari 最安靜,,"Poet House, Ari, Bangkok",13.7829543,100.5413203
Porcupine Cafe Ari,咖啡廳,9/28,紅磚木屋，插座多,,"Porcupine Cafe, Ari, Bangkok",13.7831126,100.5429357
Pista（Song Wat）,咖啡廳,9/27,開心果奶咖啡,,"Pista Cafe, Song Wat Road, Bangkok",,
Naam 1608,咖啡廳,9/27,寺廟後面河邊秘密咖啡,,"Naam 1608, Talat Noi, Bangkok",13.7334218,100.5118388
Antika Safari,咖啡廳,9/25 選項,Safari World 附近，08:00-20:00 休三,,"Antika Safari Cafe, Khlong Sam Wa, Bangkok",,
BASKET Coffee and Croissant,咖啡廳,9/25 選項,可頌招牌，07:00-17:00 休一,,"BASKET Coffee and Croissant, Hathairat Rd, Bangkok",,
Vintique Cafe and Lifestyle,咖啡廳,9/25 選項,06:00 開，室內 lounge,,"Vintique Cafe, Khlong Sam Wa, Bangkok",,
SIT UNDER TREE Home Roasters,咖啡廳,9/25 選項,自家烘豆，08:00-16:00 休一,,"SIT UNDER TREE Special Coffee, Kubon Rd, Bangkok",,
Botanist Activity Space,咖啡廳,9/25 選項,植物園系，抹茶,,"Botanist Activity Space and Cafe, Samwa Rd, Bangkok",,
The Hope Cafe Nong Chok,咖啡廳,9/25 選項,09:00-23:30,,"The Hope Cafe, Nong Chok, Bangkok",,
Barakat Lunla Land,咖啡廳,9/25 選項,農場咖啡廳,,"Barakat Lunla Land, Nong Chok, Bangkok",,
Tichuca Rooftop Bar,酒吧夜生活,9/25,46 樓 LED 大樹，週五 17:30-01:00,https://www.tichuca.co/,"Tichuca Rooftop Bar, T-One Building, Bangkok",13.7220802,100.5804417
Octave Rooftop,酒吧夜生活,9/25 選項,45-49 樓 360 度,,"Octave Rooftop Lounge Bar, Marriott Sukhumvit",,
Sing Sing Theater,酒吧夜生活,9/25 選項,老上海風夜店,,"Sing Sing Theater, Sukhumvit 45",13.7281338,100.5735064
Rabbit Hole Thonglor,酒吧夜生活,9/25 選項,藏起來的調酒吧,,"Rabbit Hole Bar, Thonglor",13.7298981,100.5811206
Soi Cowboy 牛仔街,酒吧夜生活,9/24,排定 22:30，200 公尺霓虹街，安全,https://www.tripadvisor.com/Attraction_Review-g293916-d2492791-Reviews-Soi_Cowboy-Bangkok.html,"Soi Cowboy, Sukhumvit, Bangkok",13.7370287,100.562157
Nana Plaza,酒吧夜生活,9/24 選項,小猩猩排的，紅燈區綜合體,,"Nana Plaza, Sukhumvit Soi 4",13.7414838,100.5530342
APT 101,酒吧夜生活,9/24 選項,1970 年代紐約公寓風,https://apt101club.com/,"APT 101, 233 Sukhumvit Rd, Bangkok",13.7385325,100.5590861
Havana Social,酒吧夜生活,9/24 選項,電話亭進去的古巴地下酒吧,,"Havana Social, Sukhumvit 11",13.745528,100.5558713
Above Eleven,酒吧夜生活,9/24 選項,33 樓 rooftop,https://aboveeleven.com/,"Above Eleven, Fraser Suites Sukhumvit",13.7455342,100.5564443
Levels Club,酒吧夜生活,9/24 選項,EDM 大型夜店,,"Levels Club and Lounge, Sukhumvit 11",13.7443925,100.5559609
BKK Social Club,酒吧夜生活,9/27 選項,World's 50 Best #49,https://www.the50.com/bars/the-list/bkk-social-club.html,"BKK Social Club, Four Seasons Bangkok",13.7114269,100.5102164
Dry Wave Cocktail Studio,酒吧夜生活,9/27 選項,亞洲 50 大 #4,,"Dry Wave Cocktail Studio, Sathorn",13.7337062,100.580674
Bar Us,酒吧夜生活,9/27 選項,亞洲 50 大 #6,,"Bar Us, Sathorn, Bangkok",13.7255443,100.5694059
Vesper,酒吧夜生活,9/27 選項,007 Vesper Martini,,"Vesper Bar, Silom, Bangkok",13.7270401,100.5334436
Lennon's,酒吧夜生活,選項,黑膠配調酒,,"Lennon's Bar, Rosewood Bangkok",13.7434718,100.5489881
Opium Bar,酒吧夜生活,9/27 選項,亞洲 50 大 #25，前身鴉片館,,"Opium Bar, Potong, Bangkok",13.739215,100.5084784
GOD Bar,酒吧夜生活,選項,教堂造型,,"GOD Bar, Charoen Krung, Bangkok",,
Tep Bar,酒吧夜生活,9/26 選項,泰式樂器現場,,"Tep Bar, Soi Nana, Chinatown Bangkok",13.7396043,100.5143618
Teens of Thailand,酒吧夜生活,9/26 選項,琴酒專門,,"Teens of Thailand, Soi Nana, Bangkok",13.7398344,100.5139091
Asia Today,酒吧夜生活,9/26 選項,蜂蜜調酒,,"Asia Today Bar, Soi Nana, Bangkok",13.7398355,100.5141429
Sky Bar lebua,酒吧夜生活,選項,醉後大丈夫 2，63 樓,https://lebua.com/restaurants-bars/sky-bar/,"Sky Bar, lebua State Tower, Bangkok",13.7212222,100.5170726
RCA Royal City Avenue,酒吧夜生活,9/27 選項,17 間大型夜店一條路,https://royalcityavenue.com/clubs,"Royal City Avenue, Bangkok",13.7511319,100.5758157
Brick Bar Khao San,酒吧夜生活,9/26 選項,live band,,"Brick Bar, Khao San Road",13.7585971,100.4984729
CentralWorld,商場購物,9/24,KanonSiam + Chago,https://www.centralworld.co.th/,"CentralWorld, Bangkok",13.7465769,100.5390414
ICONSIAM,商場購物,9/27,河景旗艦，水舞秀 18:30/20:00,https://www.iconsiam.com/en,"ICONSIAM, Bangkok",13.7268227,100.510294
Siam Paragon,商場購物,9/27 選項,SEA LIFE 水族館，美食街,https://www.siamparagon.co.th/,"Siam Paragon, Bangkok",13.7467785,100.534954
Siam Discovery,商場購物,9/27 選項,設計選物百貨,https://www.siamdiscovery.co.th/,"Siam Discovery, Bangkok",13.7466866,100.5315293
Siam Square Soi 7（Carnival）,商場購物,9/25 選項,泰國本土潮牌集中地,,"Carnival Siam Square Soi 7, Bangkok",,
Gaysorn Amarin,商場購物,9/27 選項,LV The Place,,"Gaysorn Amarin, Bangkok",13.743512,100.5412971
EmQuartier,商場購物,備選,40 公尺室內瀑布,,"EmQuartier, Bangkok",13.7319633,100.5696359
EmSphere,商場購物,備選,市中心 IKEA、8-10 樓酒吧,,"EmSphere, Bangkok",13.7325129,100.5660757
Dusit Central Park,商場購物,備選,泰國最大屋頂花園,https://dusitcentralpark.com/,"Dusit Central Park, Bangkok",13.7283196,100.5378142
Mega Bangna,商場購物,不建議,離市區 35-40 分,,"Mega Bangna, Bang Phli",13.6338393,100.6806355
Platinum Fashion Mall 水門,商場購物,9/28 選項,服裝批發,,"Platinum Fashion Mall, Bangkok",13.7500065,100.5393912
Fashion Island,商場購物,9/25 選項,Safari World 附近，溜冰、雷射槍戰,,"Fashion Island, Ram Inthra, Bangkok",13.8242144,100.6770299
Or Tor Kor 市場,商場購物,未排,泰國最好的水果市場,,"Or Tor Kor Market, Bangkok",13.7971301,100.5475746
Health Land Asoke,按摩健身,9/24 選項,09:00-23:00,,"Health Land Spa Massage Asoke, Bangkok",13.7410877,100.5609182
Let's Relax EmQuartier,按摩健身,9/24 選項,10:00-22:00,,"Let's Relax Spa EmQuartier, Bangkok",,
Perception Blind Massage Sathorn,按摩健身,選項,視障按摩師，450 銖/小時,https://www.perceptionblindmassage.com/,"Perception Blind Massage, Sathorn Soi 8, Bangkok",13.7225585,100.5313694
Wat Pho 按摩學校,按摩健身,9/26 選項,30 分 480 銖,https://watpomassage.com/en,"Wat Pho Thai Traditional Massage School, Bangkok",13.7465966,100.4941083
Divana Nurture Spa,按摩健身,選項,雙人 SPA,https://www.divanaspa.com/,"Divana Nurture Spa, Sukhumvit 11",,
RealGYM Safari（Open Air）,按摩健身,9/25 選項,半戶外健身房，07:00-23:00,https://www.realgymth.com/branch/,"RealGYM Safari, Bang Chan, Khlong Sam Wa",,
TC Muay Thai School,按摩健身,9/25 選項,有中文教練,https://tcmuaythaibangkok.com/,"TC Muay Thai, Nawamin 74, Bangkok",,
ARAH Ice Bath and Sauna,按摩健身,未排,890 銖 3 小時，有泳池,,"ARAH Ice Bath Sauna, Sukhumvit 49",,
